<?xml version="1.0"?>
<!--<!DOCTYPE metadata SYSTEM "http://www.esri.com/metadata/esriprof80.dtd">-->
<metadata xml:lang="en"><Esri><CreaDate>20120922</CreaDate><CreaTime>08311700</CreaTime><SyncOnce>TRUE</SyncOnce><MetaID>{263B395E-380A-4FD6-8F6C-B44A2F8381FE}</MetaID></Esri><idinfo><citation><citeinfo><onlink Sync="TRUE"></onlink></citeinfo></citation></idinfo><distInfo><distributor><distorTran><onLineSrc><linkage Sync="TRUE">file://</linkage><protocol Sync="TRUE">Local Area Network</protocol></onLineSrc></distorTran></distributor></distInfo><dataqual><lineage><procstep><procdesc Sync="TRUE">Dataset copied.</procdesc><srcused Sync="TRUE">V:\RAL\Final_outputs\Finished_products\Lake_and_Cuyahoga_Stream_Polygon</srcused><date Sync="TRUE">20100318</date><time Sync="TRUE">07122800</time></procstep><procstep><procdesc Sync="TRUE">Dataset copied.</procdesc><srcused Sync="TRUE">V:\RAL\RAL_finished_products\Lake_and_Cuyahoga_Stream_Polygon</srcused><date Sync="TRUE">20100330</date><time Sync="TRUE">11051100</time></procstep><procstep><procdesc Sync="TRUE">Dataset copied.</procdesc><srcused Sync="TRUE"></srcused><procdate Sync="TRUE">20110405</procdate><proctime Sync="TRUE">15195400</proctime></procstep><procstep><procdesc Sync="TRUE">Dataset copied.</procdesc><srcused Sync="TRUE"></srcused><date Sync="TRUE">20110426</date><time Sync="TRUE">15414800</time></procstep><procstep><procdesc Sync="TRUE">Dataset copied.</procdesc><srcused Sync="TRUE"></srcused><procdate Sync="TRUE">20120922</procdate><proctime Sync="TRUE">08311700</proctime></procstep></lineage></dataqual></metadata>
