<?xml version="1.0"?>
<!--<!DOCTYPE metadata SYSTEM "http://www.esri.com/metadata/esriprof80.dtd">-->
<metadata xml:lang="en"><Esri><CreaDate>20120922</CreaDate><CreaTime>08315700</CreaTime><SyncOnce>FALSE</SyncOnce><DataProperties><lineage><Process Name="Merge_2" ToolSource="C:\Program Files\ArcGIS\ArcToolbox\Toolboxes\Data Management Tools.tbx\Merge" Date="20080818" Time="144039">Merge Hydro_block9;Hydro_block8;Hydro_block7;Hydro_block6;Hydro_block5;Hydro_block4;Hydro_block3;Hydro_block2;Hydro_block1;Hydro_block18;Hydro_block17;Hydro_block16;Hydro_block4;Hydro_block20;Hydro_block19;Hydro_block15;Hydro_block14;Hydro_block13;Hydro_block11;Hydro_block10;Hydro_block12 C:\temp\cuy_hydro\hydro_merge.shp "F_TYPE F_TYPE true true false 4 Long 0 0 ,First,#,Hydro_block9,F_TYPE,-1,-1,Hydro_block8,F_TYPE,-1,-1,Hydro_block7,F_TYPE,-1,-1,Hydro_block6,F_TYPE,-1,-1,Hydro_block5,F_TYPE,-1,-1,Hydro_block4,F_TYPE,-1,-1,Hydro_block3,F_TYPE,-1,-1,Hydro_block2,F_TYPE,-1,-1,Hydro_block1,F_TYPE,-1,-1,Hydro_block18,F_TYPE,-1,-1,Hydro_block17,F_TYPE,-1,-1,Hydro_block16,F_TYPE,-1,-1,Hydro_block20,F_TYPE,-1,-1,Hydro_block19,F_TYPE,-1,-1,Hydro_block15,F_TYPE,-1,-1,Hydro_block14,F_TYPE,-1,-1,Hydro_block13,F_TYPE,-1,-1,Hydro_block11,F_TYPE,-1,-1,Hydro_block10,F_TYPE,-1,-1,Hydro_block12,F_TYPE,-1,-1;F_NAME F_NAME true true false 15 Text 0 0 ,First,#,Hydro_block9,F_NAME,-1,-1,Hydro_block8,F_NAME,-1,-1,Hydro_block7,F_NAME,-1,-1,Hydro_block6,F_NAME,-1,-1,Hydro_block5,F_NAME,-1,-1,Hydro_block4,F_NAME,-1,-1,Hydro_block3,F_NAME,-1,-1,Hydro_block2,F_NAME,-1,-1,Hydro_block1,F_NAME,-1,-1,Hydro_block18,F_NAME,-1,-1,Hydro_block17,F_NAME,-1,-1,Hydro_block16,F_NAME,-1,-1,Hydro_block20,F_NAME,-1,-1,Hydro_block19,F_NAME,-1,-1,Hydro_block15,F_NAME,-1,-1,Hydro_block14,F_NAME,-1,-1,Hydro_block13,F_NAME,-1,-1,Hydro_block11,F_NAME,-1,-1,Hydro_block10,F_NAME,-1,-1,Hydro_block12,F_NAME,-1,-1;SHAPE_Leng SHAPE_Length false true true 8 Double 0 0 ,First,#,Hydro_block9,SHAPE_Length,-1,-1,Hydro_block8,SHAPE_Length,-1,-1,Hydro_block7,SHAPE_Length,-1,-1,Hydro_block6,SHAPE_Length,-1,-1,Hydro_block5,SHAPE_Length,-1,-1,Hydro_block4,SHAPE_Length,-1,-1,Hydro_block3,SHAPE_Length,-1,-1,Hydro_block2,SHAPE_Length,-1,-1,Hydro_block1,SHAPE_Length,-1,-1,Hydro_block18,SHAPE_Length,-1,-1,Hydro_block17,SHAPE_Length,-1,-1,Hydro_block16,SHAPE_Length,-1,-1,Hydro_block20,SHAPE_Length,-1,-1,Hydro_block19,SHAPE_Length,-1,-1,Hydro_block15,SHAPE_Length,-1,-1,Hydro_block14,SHAPE_Length,-1,-1,Hydro_block13,SHAPE_Length,-1,-1,Hydro_block11,SHAPE_Length,-1,-1,Hydro_block10,SHAPE_Length,-1,-1,Hydro_block12,SHAPE_Length,-1,-1"</Process><Process Name="FeatureClassToFeatureClass_1" ToolSource="C:\Program Files\ArcGIS\ArcToolbox\Toolboxes\Conversion Tools.tbx\FeatureClassToFeatureClass" Date="20110312" Time="142804">FeatureClassToFeatureClass V:\j_stein\streams\cuyahoga_hydro_polyline.shp V:\j_stein\streams\cuyahoga_hydro.mdb cuyahoga_hydro_polyline_gdb # "F_TYPE F_TYPE true false false 9 Long 0 9 ,First,#,V:\j_stein\streams\cuyahoga_hydro_polyline.shp,F_TYPE,-1,-1;F_NAME F_NAME true false false 15 Text 0 0 ,First,#,V:\j_stein\streams\cuyahoga_hydro_polyline.shp,F_NAME,-1,-1;SHAPE_Leng SHAPE_Leng true false false 19 Double 11 18 ,First,#,V:\j_stein\streams\cuyahoga_hydro_polyline.shp,SHAPE_Leng,-1,-1;LineSegs LineSegs true false false 9 Long 0 9 ,First,#,V:\j_stein\streams\cuyahoga_hydro_polyline.shp,LineSegs,-1,-1" # V:\j_stein\streams\cuyahoga_hydro.mdb\cuyahoga_hydro_polyline_gdb</Process><Process ToolSource="C:\Program Files\ArcGIS\ArcToolbox\Toolboxes\Data Management Tools.tbx\Merge" Date="20110404" Time="093450">Merge cuy_non_streams;streams_hhei_trial V:\j_stein\streams\cmp_streams.shp "OBJECTID 'OBJECTID' true true false 9 Long 0 9 ,First,#,cuy_non_streams,OBJECTID,-1,-1,streams_hhei_trial,OBJECTID,-1,-1;F_TYPE 'F_TYPE' true true false 9 Long 0 9 ,First,#,cuy_non_streams,F_TYPE,-1,-1,streams_hhei_trial,F_TYPE,-1,-1;F_NAME 'F_NAME' true true false 15 Text 0 0 ,First,#,cuy_non_streams,F_NAME,-1,-1,streams_hhei_trial,F_NAME,-1,-1;SHAPE_Leng 'SHAPE_Leng' true true false 19 Double 0 0 ,First,#,cuy_non_streams,SHAPE_Leng,-1,-1,streams_hhei_trial,SHAPE_Leng,-1,-1;LineSegs 'LineSegs' true true false 9 Long 0 9 ,First,#,cuy_non_streams,LineSegs,-1,-1,streams_hhei_trial,LineSegs,-1,-1;Shape_Le_1 'Shape_Le_1' true true false 19 Double 0 0 ,First,#,cuy_non_streams,Shape_Le_1,-1,-1,streams_hhei_trial,Shape_Le_1,-1,-1;HYD 'HYD' true true false 9 Long 0 9 ,First,#,cuy_non_streams,HYD,-1,-1,streams_hhei_trial,HYD,-1,-1;Within_CMP 'Within_CMP' true true false 9 Long 0 9 ,First,#,cuy_non_streams,Within_CMP,-1,-1;FID_1 'FID_1' true true false 9 Long 0 9 ,First,#,streams_hhei_trial,FID_1,-1,-1;STREAM_NAM 'STREAM_NAM' true true false 19 Text 0 0 ,First,#,streams_hhei_trial,STREAM_NAM,-1,-1;WATER_PENN 'WATER_PENN' true true false 1 Text 0 0 ,First,#,streams_hhei_trial,WATER_PENN,-1,-1;CRANEFLY_L 'CRANEFLY_L' true true false 1 Text 0 0 ,First,#,streams_hhei_trial,CRANEFLY_L,-1,-1;TOTAL_NUMB 'TOTAL_NUMB' true true false 2 Text 0 0 ,First,#,streams_hhei_trial,TOTAL_NUMB,-1,-1;NUMBER_MAY 'NUMBER_MAY' true true false 1 Text 0 0 ,First,#,streams_hhei_trial,NUMBER_MAY,-1,-1;AMELETIDAE 'AMELETIDAE' true true false 1 Text 0 0 ,First,#,streams_hhei_trial,AMELETIDAE,-1,-1;ARTHROPLEI 'ARTHROPLEI' true true false 32 Text 0 0 ,First,#,streams_hhei_trial,ARTHROPLEI,-1,-1;BAETIDAE 'BAETIDAE' true true false 1 Text 0 0 ,First,#,streams_hhei_trial,BAETIDAE,-1,-1;BAETISCIDA 'BAETISCIDA' true true false 32 Text 0 0 ,First,#,streams_hhei_trial,BAETISCIDA,-1,-1;CAENIDAE 'CAENIDAE' true true false 1 Text 0 0 ,First,#,streams_hhei_trial,CAENIDAE,-1,-1;EPHEMERELL 'EPHEMERELL' true true false 32 Text 0 0 ,First,#,streams_hhei_trial,EPHEMERELL,-1,-1;EPHEMERIDA 'EPHEMERIDA' true true false 1 Text 0 0 ,First,#,streams_hhei_trial,EPHEMERIDA,-1,-1;HEPTAGENII 'HEPTAGENII' true true false 1 Text 0 0 ,First,#,streams_hhei_trial,HEPTAGENII,-1,-1;ISONYCHIID 'ISONYCHIID' true true false 32 Text 0 0 ,First,#,streams_hhei_trial,ISONYCHIID,-1,-1;LEPTOHYPHI 'LEPTOHYPHI' true true false 1 Text 0 0 ,First,#,streams_hhei_trial,LEPTOHYPHI,-1,-1;LEPTOPHLEB 'LEPTOPHLEB' true true false 1 Text 0 0 ,First,#,streams_hhei_trial,LEPTOPHLEB,-1,-1;POLYMITARC 'POLYMITARC' true true false 32 Text 0 0 ,First,#,streams_hhei_trial,POLYMITARC,-1,-1;POTAMANTHI 'POTAMANTHI' true true false 32 Text 0 0 ,First,#,streams_hhei_trial,POTAMANTHI,-1,-1;PSEUDIRONI 'PSEUDIRONI' true true false 32 Text 0 0 ,First,#,streams_hhei_trial,PSEUDIRONI,-1,-1;SIPHLONURI 'SIPHLONURI' true true false 32 Text 0 0 ,First,#,streams_hhei_trial,SIPHLONURI,-1,-1;NUMBER_STO 'NUMBER_STO' true true false 1 Text 0 0 ,First,#,streams_hhei_trial,NUMBER_STO,-1,-1;CAPNIIDAE 'CAPNIIDAE' true true false 32 Text 0 0 ,First,#,streams_hhei_trial,CAPNIIDAE,-1,-1;CHLOROPERL 'CHLOROPERL' true true false 1 Text 0 0 ,First,#,streams_hhei_trial,CHLOROPERL,-1,-1;LEUCTRIDAE 'LEUCTRIDAE' true true false 1 Text 0 0 ,First,#,streams_hhei_trial,LEUCTRIDAE,-1,-1;NEMOURIDAE 'NEMOURIDAE' true true false 1 Text 0 0 ,First,#,streams_hhei_trial,NEMOURIDAE,-1,-1;PELTOPERLI 'PELTOPERLI' true true false 32 Text 0 0 ,First,#,streams_hhei_trial,PELTOPERLI,-1,-1;PERLIDAE 'PERLIDAE' true true false 1 Text 0 0 ,First,#,streams_hhei_trial,PERLIDAE,-1,-1;PERLODIDAE 'PERLODIDAE' true true false 1 Text 0 0 ,First,#,streams_hhei_trial,PERLODIDAE,-1,-1;PTERONARCY 'PTERONARCY' true true false 32 Text 0 0 ,First,#,streams_hhei_trial,PTERONARCY,-1,-1;TAENIOPTER 'TAENIOPTER' true true false 32 Text 0 0 ,First,#,streams_hhei_trial,TAENIOPTER,-1,-1;NUMBER_CAD 'NUMBER_CAD' true true false 1 Text 0 0 ,First,#,streams_hhei_trial,NUMBER_CAD,-1,-1;BRACHYCENT 'BRACHYCENT' true true false 32 Text 0 0 ,First,#,streams_hhei_trial,BRACHYCENT,-1,-1;DIPSEUODOP 'DIPSEUODOP' true true false 32 Text 0 0 ,First,#,streams_hhei_trial,DIPSEUODOP,-1,-1;GLOSSOSOMA 'GLOSSOSOMA' true true false 1 Text 0 0 ,First,#,streams_hhei_trial,GLOSSOSOMA,-1,-1;GOERIDAE 'GOERIDAE' true true false 32 Text 0 0 ,First,#,streams_hhei_trial,GOERIDAE,-1,-1;HELICOPSYC 'HELICOPSYC' true true false 32 Text 0 0 ,First,#,streams_hhei_trial,HELICOPSYC,-1,-1;HYDROPSYCH 'HYDROPSYCH' true true false 1 Text 0 0 ,First,#,streams_hhei_trial,HYDROPSYCH,-1,-1;HYDROPTILI 'HYDROPTILI' true true false 1 Text 0 0 ,First,#,streams_hhei_trial,HYDROPTILI,-1,-1;LEPIDOSTOM 'LEPIDOSTOM' true true false 1 Text 0 0 ,First,#,streams_hhei_trial,LEPIDOSTOM,-1,-1;LEPTOCERID 'LEPTOCERID' true true false 1 Text 0 0 ,First,#,streams_hhei_trial,LEPTOCERID,-1,-1;LIMNEPHILI 'LIMNEPHILI' true true false 1 Text 0 0 ,First,#,streams_hhei_trial,LIMNEPHILI,-1,-1;MOLANNIDAE 'MOLANNIDAE' true true false 1 Text 0 0 ,First,#,streams_hhei_trial,MOLANNIDAE,-1,-1;ODONTOCERI 'ODONTOCERI' true true false 1 Text 0 0 ,First,#,streams_hhei_trial,ODONTOCERI,-1,-1;PHILOPOTAM 'PHILOPOTAM' true true false 1 Text 0 0 ,First,#,streams_hhei_trial,PHILOPOTAM,-1,-1;PHRYGANEID 'PHRYGANEID' true true false 1 Text 0 0 ,First,#,streams_hhei_trial,PHRYGANEID,-1,-1;POLYCENTRO 'POLYCENTRO' true true false 1 Text 0 0 ,First,#,streams_hhei_trial,POLYCENTRO,-1,-1;PSYCHOMIID 'PSYCHOMIID' true true false 32 Text 0 0 ,First,#,streams_hhei_trial,PSYCHOMIID,-1,-1;RHYACOPHIL 'RHYACOPHIL' true true false 1 Text 0 0 ,First,#,streams_hhei_trial,RHYACOPHIL,-1,-1;UENOIDAE 'UENOIDAE' true true false 1 Text 0 0 ,First,#,streams_hhei_trial,UENOIDAE,-1,-1;STRESS_CHE 'STRESS_CHE' true true false 1 Text 0 0 ,First,#,streams_hhei_trial,STRESS_CHE,-1,-1;LIST_VERSI 'LIST_VERSI' true true false 2 Text 0 0 ,First,#,streams_hhei_trial,LIST_VERSI,-1,-1;DIST 'DIST' true true false 19 Double 10 18 ,First,#,streams_hhei_trial,DIST,-1,-1;concern 'concern' true true false 9 Long 0 9 ,First,#,streams_hhei_trial,concern,-1,-1;HHEI_Class 'HHEI_Class' true true false 4 Short 0 4 ,First,#,streams_hhei_trial,HHEI_Class,-1,-1;HMFEIClass 'HMFEIClass' true true false 4 Short 0 4 ,First,#,streams_hhei_trial,HMFEIClass,-1,-1;HMFEI_num 'HMFEI_num' true true false 9 Long 0 9 ,First,#,streams_hhei_trial,HMFEI_num,-1,-1;HHEI_num 'HHEI_num' true true false 9 Long 0 9 ,First,#,streams_hhei_trial,HHEI_num,-1,-1;Distance 'Distance' true true false 19 Double 8 18 ,First,#,streams_hhei_trial,Distance,-1,-1;FID_2 'FID_2' true true false 9 Long 0 9 ,First,#,streams_hhei_trial,FID_2,-1,-1;STREAM_N_1 'STREAM_N_1' true true false 19 Text 0 0 ,First,#,streams_hhei_trial,STREAM_N_1,-1,-1;SITE_NUMBE 'SITE_NUMBE' true true false 3 Text 0 0 ,First,#,streams_hhei_trial,SITE_NUMBE,-1,-1;RESERVATIO 'RESERVATIO' true true false 22 Text 0 0 ,First,#,streams_hhei_trial,RESERVATIO,-1,-1;RIVER_BASI 'RIVER_BASI' true true false 2 Text 0 0 ,First,#,streams_hhei_trial,RIVER_BASI,-1,-1;DRAINAGE_A 'DRAINAGE_A' true true false 8 Text 0 0 ,First,#,streams_hhei_trial,DRAINAGE_A,-1,-1;SURVEY_REA 'SURVEY_REA' true true false 5 Text 0 0 ,First,#,streams_hhei_trial,SURVEY_REA,-1,-1;LATITUDE 'LATITUDE' true true false 8 Text 0 0 ,First,#,streams_hhei_trial,LATITUDE,-1,-1;LONGITUDE 'LONGITUDE' true true false 9 Text 0 0 ,First,#,streams_hhei_trial,LONGITUDE,-1,-1;RIVER_CODE 'RIVER_CODE' true true false 3 Text 0 0 ,First,#,streams_hhei_trial,RIVER_CODE,-1,-1;RIVER_MILE 'RIVER_MILE' true true false 5 Text 0 0 ,First,#,streams_hhei_trial,RIVER_MILE,-1,-1;DATES 'DATES' true true false 10 Text 0 0 ,First,#,streams_hhei_trial,DATES,-1,-1;SCORERS 'SCORERS' true true false 22 Text 0 0 ,First,#,streams_hhei_trial,SCORERS,-1,-1;STREAM_CHA 'STREAM_CHA' true true false 7 Text 0 0 ,First,#,streams_hhei_trial,STREAM_CHA,-1,-1;HHEI_SCORE 'HHEI_SCORE' true true false 2 Text 0 0 ,First,#,streams_hhei_trial,HHEI_SCORE,-1,-1;SUBSTRATE_ 'SUBSTRATE_' true true false 2 Text 0 0 ,First,#,streams_hhei_trial,SUBSTRATE_,-1,-1;PER_BEST_T 'PER_BEST_T' true true false 4 Text 0 0 ,First,#,streams_hhei_trial,PER_BEST_T,-1,-1;SUBSTRA_01 'SUBSTRA_01' true true false 2 Text 0 0 ,First,#,streams_hhei_trial,SUBSTRA_01,-1,-1;SUBSTRA_02 'SUBSTRA_02' true true false 12 Text 0 0 ,First,#,streams_hhei_trial,SUBSTRA_02,-1,-1;SUBSTRA_03 'SUBSTRA_03' true true false 12 Text 0 0 ,First,#,streams_hhei_trial,SUBSTRA_03,-1,-1;PER_BOULDE 'PER_BOULDE' true true false 3 Text 0 0 ,First,#,streams_hhei_trial,PER_BOULDE,-1,-1;PER_BOU_01 'PER_BOU_01' true true false 3 Text 0 0 ,First,#,streams_hhei_trial,PER_BOU_01,-1,-1;PER_BEDROC 'PER_BEDROC' true true false 3 Text 0 0 ,First,#,streams_hhei_trial,PER_BEDROC,-1,-1;PER_COBBLE 'PER_COBBLE' true true false 3 Text 0 0 ,First,#,streams_hhei_trial,PER_COBBLE,-1,-1;PER_GRAVEL 'PER_GRAVEL' true true false 3 Text 0 0 ,First,#,streams_hhei_trial,PER_GRAVEL,-1,-1;PER_SAND 'PER_SAND' true true false 3 Text 0 0 ,First,#,streams_hhei_trial,PER_SAND,-1,-1;PER_SILT 'PER_SILT' true true false 4 Text 0 0 ,First,#,streams_hhei_trial,PER_SILT,-1,-1;PER_LEAF_W 'PER_LEAF_W' true true false 3 Text 0 0 ,First,#,streams_hhei_trial,PER_LEAF_W,-1,-1;PER_FINE_D 'PER_FINE_D' true true false 2 Text 0 0 ,First,#,streams_hhei_trial,PER_FINE_D,-1,-1;PER_CLAY_H 'PER_CLAY_H' true true false 4 Text 0 0 ,First,#,streams_hhei_trial,PER_CLAY_H,-1,-1;PER_MUCK 'PER_MUCK' true true false 3 Text 0 0 ,First,#,streams_hhei_trial,PER_MUCK,-1,-1;PER_ARTIFI 'PER_ARTIFI' true true false 2 Text 0 0 ,First,#,streams_hhei_trial,PER_ARTIFI,-1,-1;SUBSTRA_04 'SUBSTRA_04' true true false 1 Text 0 0 ,First,#,streams_hhei_trial,SUBSTRA_04,-1,-1;POOL_METRI 'POOL_METRI' true true false 2 Text 0 0 ,First,#,streams_hhei_trial,POOL_METRI,-1,-1;POOL_DEPTH 'POOL_DEPTH' true true false 4 Text 0 0 ,First,#,streams_hhei_trial,POOL_DEPTH,-1,-1;BANKFULL_M 'BANKFULL_M' true true false 2 Text 0 0 ,First,#,streams_hhei_trial,BANKFULL_M,-1,-1;AVERAGE_BA 'AVERAGE_BA' true true false 4 Text 0 0 ,First,#,streams_hhei_trial,AVERAGE_BA,-1,-1;RIPARIAN_W 'RIPARIAN_W' true true false 4 Text 0 0 ,First,#,streams_hhei_trial,RIPARIAN_W,-1,-1;RIPARIA_01 'RIPARIA_01' true true false 4 Text 0 0 ,First,#,streams_hhei_trial,RIPARIA_01,-1,-1;FLOODPLAIN 'FLOODPLAIN' true true false 16 Text 0 0 ,First,#,streams_hhei_trial,FLOODPLAIN,-1,-1;FLOODPL_01 'FLOODPL_01' true true false 16 Text 0 0 ,First,#,streams_hhei_trial,FLOODPL_01,-1,-1;FLOW_REGIM 'FLOW_REGIM' true true false 9 Text 0 0 ,First,#,streams_hhei_trial,FLOW_REGIM,-1,-1;SINUOSITY 'SINUOSITY' true true false 4 Text 0 0 ,First,#,streams_hhei_trial,SINUOSITY,-1,-1;STREAM_GRA 'STREAM_GRA' true true false 8 Text 0 0 ,First,#,streams_hhei_trial,STREAM_GRA,-1,-1;QHEI_DONE 'QHEI_DONE' true true false 1 Text 0 0 ,First,#,streams_hhei_trial,QHEI_DONE,-1,-1;WATERSHED 'WATERSHED' true true false 23 Text 0 0 ,First,#,streams_hhei_trial,WATERSHED,-1,-1;DESIGNATED 'DESIGNATED' true true false 3 Text 0 0 ,First,#,streams_hhei_trial,DESIGNATED,-1,-1;USGS_QUAD 'USGS_QUAD' true true false 17 Text 0 0 ,First,#,streams_hhei_trial,USGS_QUAD,-1,-1;SOIL_MAP_P 'SOIL_MAP_P' true true false 2 Text 0 0 ,First,#,streams_hhei_trial,SOIL_MAP_P,-1,-1;SOIL_MAP_O 'SOIL_MAP_O' true true false 1 Text 0 0 ,First,#,streams_hhei_trial,SOIL_MAP_O,-1,-1;COUNTY 'COUNTY' true true false 8 Text 0 0 ,First,#,streams_hhei_trial,COUNTY,-1,-1;TWP_CITY 'TWP_CITY' true true false 18 Text 0 0 ,First,#,streams_hhei_trial,TWP_CITY,-1,-1;BASE_FLOW 'BASE_FLOW' true true false 1 Text 0 0 ,First,#,streams_hhei_trial,BASE_FLOW,-1,-1;DATE_LAST_ 'DATE_LAST_' true true false 10 Text 0 0 ,First,#,streams_hhei_trial,DATE_LAST_,-1,-1;AMT_LAST_R 'AMT_LAST_R' true true false 4 Text 0 0 ,First,#,streams_hhei_trial,AMT_LAST_R,-1,-1;TURBID 'TURBID' true true false 1 Text 0 0 ,First,#,streams_hhei_trial,TURBID,-1,-1;PER_CANOPY 'PER_CANOPY' true true false 3 Text 0 0 ,First,#,streams_hhei_trial,PER_CANOPY,-1,-1;WATER_SAMP 'WATER_SAMP' true true false 1 Text 0 0 ,First,#,streams_hhei_trial,WATER_SAMP,-1,-1;TEMP 'TEMP' true true false 5 Text 0 0 ,First,#,streams_hhei_trial,TEMP,-1,-1;DO 'DO' true true false 5 Text 0 0 ,First,#,streams_hhei_trial,DO,-1,-1;PH 'PH' true true false 4 Text 0 0 ,First,#,streams_hhei_trial,PH,-1,-1;CON 'CON' true true false 5 Text 0 0 ,First,#,streams_hhei_trial,CON,-1,-1;REACH_REP 'REACH_REP' true true false 1 Text 0 0 ,First,#,streams_hhei_trial,REACH_REP,-1,-1;BIOTIC_PER 'BIOTIC_PER' true true false 2 Text 0 0 ,First,#,streams_hhei_trial,BIOTIC_PER,-1,-1;FISH_SEEN 'FISH_SEEN' true true false 1 Text 0 0 ,First,#,streams_hhei_trial,FISH_SEEN,-1,-1;SALAMANDER 'SALAMANDER' true true false 1 Text 0 0 ,First,#,streams_hhei_trial,SALAMANDER,-1,-1;FROGS_TADP 'FROGS_TADP' true true false 1 Text 0 0 ,First,#,streams_hhei_trial,FROGS_TADP,-1,-1;AQUATIC_MA 'AQUATIC_MA' true true false 1 Text 0 0 ,First,#,streams_hhei_trial,AQUATIC_MA,-1,-1;FISH_VOUCH 'FISH_VOUCH' true true false 1 Text 0 0 ,First,#,streams_hhei_trial,FISH_VOUCH,-1,-1;FISH_SAMPL 'FISH_SAMPL' true true false 2 Text 0 0 ,First,#,streams_hhei_trial,FISH_SAMPL,-1,-1;FISH_SA_01 'FISH_SA_01' true true false 13 Text 0 0 ,First,#,streams_hhei_trial,FISH_SA_01,-1,-1;FISH_LENGT 'FISH_LENGT' true true false 2 Text 0 0 ,First,#,streams_hhei_trial,FISH_LENGT,-1,-1;BLACKNOSE_ 'BLACKNOSE_' true true false 1 Text 0 0 ,First,#,streams_hhei_trial,BLACKNOSE_,-1,-1;BLUEGILL_S 'BLUEGILL_S' true true false 1 Text 0 0 ,First,#,streams_hhei_trial,BLUEGILL_S,-1,-1;BLUNTNOSE_ 'BLUNTNOSE_' true true false 1 Text 0 0 ,First,#,streams_hhei_trial,BLUNTNOSE_,-1,-1;BRINDLED_M 'BRINDLED_M' true true false 32 Text 0 0 ,First,#,streams_hhei_trial,BRINDLED_M,-1,-1;BROOK_STIC 'BROOK_STIC' true true false 32 Text 0 0 ,First,#,streams_hhei_trial,BROOK_STIC,-1,-1;BROOK_TROU 'BROOK_TROU' true true false 32 Text 0 0 ,First,#,streams_hhei_trial,BROOK_TROU,-1,-1;BROWN_TROU 'BROWN_TROU' true true false 32 Text 0 0 ,First,#,streams_hhei_trial,BROWN_TROU,-1,-1;CENTRAL_MU 'CENTRAL_MU' true true false 32 Text 0 0 ,First,#,streams_hhei_trial,CENTRAL_MU,-1,-1;CENTRAL_ST 'CENTRAL_ST' true true false 1 Text 0 0 ,First,#,streams_hhei_trial,CENTRAL_ST,-1,-1;COMMON_SHI 'COMMON_SHI' true true false 1 Text 0 0 ,First,#,streams_hhei_trial,COMMON_SHI,-1,-1;CREEK_CHUB 'CREEK_CHUB' true true false 1 Text 0 0 ,First,#,streams_hhei_trial,CREEK_CHUB,-1,-1;EASTERN_SA 'EASTERN_SA' true true false 32 Text 0 0 ,First,#,streams_hhei_trial,EASTERN_SA,-1,-1;FANTAIL_DA 'FANTAIL_DA' true true false 1 Text 0 0 ,First,#,streams_hhei_trial,FANTAIL_DA,-1,-1;FATHEAD_MI 'FATHEAD_MI' true true false 1 Text 0 0 ,First,#,streams_hhei_trial,FATHEAD_MI,-1,-1;GOLDEN_S_1 'GOLDEN_S_1' true true false 32 Text 0 0 ,First,#,streams_hhei_trial,GOLDEN_S_1,-1,-1;GOLDFISH_1 'GOLDFISH_1' true true false 1 Text 0 0 ,First,#,streams_hhei_trial,GOLDFISH_1,-1,-1;GRASS_PI_1 'GRASS_PI_1' true true false 32 Text 0 0 ,First,#,streams_hhei_trial,GRASS_PI_1,-1,-1;GREENSID_1 'GREENSID_1' true true false 32 Text 0 0 ,First,#,streams_hhei_trial,GREENSID_1,-1,-1;GREEN_SU_1 'GREEN_SU_1' true true false 1 Text 0 0 ,First,#,streams_hhei_trial,GREEN_SU_1,-1,-1;JOHNNY_D_1 'JOHNNY_D_1' true true false 1 Text 0 0 ,First,#,streams_hhei_trial,JOHNNY_D_1,-1,-1;LARGEMOU_1 'LARGEMOU_1' true true false 1 Text 0 0 ,First,#,streams_hhei_trial,LARGEMOU_1,-1,-1;LONGEAR__1 'LONGEAR__1' true true false 32 Text 0 0 ,First,#,streams_hhei_trial,LONGEAR__1,-1,-1;LONGNOSE_1 'LONGNOSE_1' true true false 32 Text 0 0 ,First,#,streams_hhei_trial,LONGNOSE_1,-1,-1;MOTTLED__1 'MOTTLED__1' true true false 32 Text 0 0 ,First,#,streams_hhei_trial,MOTTLED__1,-1,-1;NORTHERN_1 'NORTHERN_1' true true false 32 Text 0 0 ,First,#,streams_hhei_trial,NORTHERN_1,-1,-1;PUMPKINS_1 'PUMPKINS_1' true true false 1 Text 0 0 ,First,#,streams_hhei_trial,PUMPKINS_1,-1,-1;RAINBOW__1 'RAINBOW__1' true true false 1 Text 0 0 ,First,#,streams_hhei_trial,RAINBOW__1,-1,-1;RAINBOW__2 'RAINBOW__2' true true false 1 Text 0 0 ,First,#,streams_hhei_trial,RAINBOW__2,-1,-1;REDBELLY_1 'REDBELLY_1' true true false 1 Text 0 0 ,First,#,streams_hhei_trial,REDBELLY_1,-1,-1;REDSIDE__1 'REDSIDE__1' true true false 1 Text 0 0 ,First,#,streams_hhei_trial,REDSIDE__1,-1,-1;RIVER_CH_1 'RIVER_CH_1' true true false 32 Text 0 0 ,First,#,streams_hhei_trial,RIVER_CH_1,-1,-1;SILVERJA_1 'SILVERJA_1' true true false 32 Text 0 0 ,First,#,streams_hhei_trial,SILVERJA_1,-1,-1;SMALLMOU_1 'SMALLMOU_1' true true false 32 Text 0 0 ,First,#,streams_hhei_trial,SMALLMOU_1,-1,-1;SPOTFIN__1 'SPOTFIN__1' true true false 32 Text 0 0 ,First,#,streams_hhei_trial,SPOTFIN__1,-1,-1;STONECAT_1 'STONECAT_1' true true false 32 Text 0 0 ,First,#,streams_hhei_trial,STONECAT_1,-1,-1;STRIPED__1 'STRIPED__1' true true false 32 Text 0 0 ,First,#,streams_hhei_trial,STRIPED__1,-1,-1;TROUT_PE_1 'TROUT_PE_1' true true false 32 Text 0 0 ,First,#,streams_hhei_trial,TROUT_PE_1,-1,-1;WARMOUTH_1 'WARMOUTH_1' true true false 32 Text 0 0 ,First,#,streams_hhei_trial,WARMOUTH_1,-1,-1;WHITE_SU_1 'WHITE_SU_1' true true false 1 Text 0 0 ,First,#,streams_hhei_trial,WHITE_SU_1,-1,-1;YELLOW_B_1 'YELLOW_B_1' true true false 1 Text 0 0 ,First,#,streams_hhei_trial,YELLOW_B_1,-1,-1;UNIDENTI_1 'UNIDENTI_1' true true false 1 Text 0 0 ,First,#,streams_hhei_trial,UNIDENTI_1,-1,-1;SALAMAN__1 'SALAMAN__1' true true false 1 Text 0 0 ,First,#,streams_hhei_trial,SALAMAN__1,-1,-1;SALAMAN__2 'SALAMAN__2' true true false 2 Text 0 0 ,First,#,streams_hhei_trial,SALAMAN__2,-1,-1;SALAMAN__3 'SALAMAN__3' true true false 13 Text 0 0 ,First,#,streams_hhei_trial,SALAMAN__3,-1,-1;SALAMAN__4 'SALAMAN__4' true true false 4 Text 0 0 ,First,#,streams_hhei_trial,SALAMAN__4,-1,-1;MOUNTAIN_1 'MOUNTAIN_1' true true false 2 Text 0 0 ,First,#,streams_hhei_trial,MOUNTAIN_1,-1,-1;MOUNTAI__1 'MOUNTAI__1' true true false 2 Text 0 0 ,First,#,streams_hhei_trial,MOUNTAI__1,-1,-1;MOUNTAI__2 'MOUNTAI__2' true true false 2 Text 0 0 ,First,#,streams_hhei_trial,MOUNTAI__2,-1,-1;NORTHERN_2 'NORTHERN_2' true true false 2 Text 0 0 ,First,#,streams_hhei_trial,NORTHERN_2,-1,-1;NORTHER__1 'NORTHER__1' true true false 2 Text 0 0 ,First,#,streams_hhei_trial,NORTHER__1,-1,-1;NORTHER__2 'NORTHER__2' true true false 2 Text 0 0 ,First,#,streams_hhei_trial,NORTHER__2,-1,-1;TWO_LINE_1 'TWO_LINE_1' true true false 32 Text 0 0 ,First,#,streams_hhei_trial,TWO_LINE_1,-1,-1;TWO_LIN__1 'TWO_LIN__1' true true false 32 Text 0 0 ,First,#,streams_hhei_trial,TWO_LIN__1,-1,-1;TWO_LIN__2 'TWO_LIN__2' true true false 32 Text 0 0 ,First,#,streams_hhei_trial,TWO_LIN__2,-1,-1;LONG_TAI_1 'LONG_TAI_1' true true false 32 Text 0 0 ,First,#,streams_hhei_trial,LONG_TAI_1,-1,-1;LONG_TA__1 'LONG_TA__1' true true false 32 Text 0 0 ,First,#,streams_hhei_trial,LONG_TA__1,-1,-1;LONG_TA__2 'LONG_TA__2' true true false 32 Text 0 0 ,First,#,streams_hhei_trial,LONG_TA__2,-1,-1;NORTHERN_3 'NORTHERN_3' true true false 1 Text 0 0 ,First,#,streams_hhei_trial,NORTHERN_3,-1,-1;NORTHER__3 'NORTHER__3' true true false 1 Text 0 0 ,First,#,streams_hhei_trial,NORTHER__3,-1,-1;NORTHER__4 'NORTHER__4' true true false 32 Text 0 0 ,First,#,streams_hhei_trial,NORTHER__4,-1,-1;MOLE_LAR_1 'MOLE_LAR_1' true true false 32 Text 0 0 ,First,#,streams_hhei_trial,MOLE_LAR_1,-1,-1;MOLE_JUV_1 'MOLE_JUV_1' true true false 1 Text 0 0 ,First,#,streams_hhei_trial,MOLE_JUV_1,-1,-1;MOLE_ADU_1 'MOLE_ADU_1' true true false 1 Text 0 0 ,First,#,streams_hhei_trial,MOLE_ADU_1,-1,-1;FOUR_TOE_1 'FOUR_TOE_1' true true false 32 Text 0 0 ,First,#,streams_hhei_trial,FOUR_TOE_1,-1,-1;FOUR_TO__1 'FOUR_TO__1' true true false 32 Text 0 0 ,First,#,streams_hhei_trial,FOUR_TO__1,-1,-1;FOUR_TO__2 'FOUR_TO__2' true true false 32 Text 0 0 ,First,#,streams_hhei_trial,FOUR_TO__2,-1,-1;REDBACK__1 'REDBACK__1' true true false 1 Text 0 0 ,First,#,streams_hhei_trial,REDBACK__1,-1,-1;REDBACK__2 'REDBACK__2' true true false 2 Text 0 0 ,First,#,streams_hhei_trial,REDBACK__2,-1,-1;SLIMY_JU_1 'SLIMY_JU_1' true true false 1 Text 0 0 ,First,#,streams_hhei_trial,SLIMY_JU_1,-1,-1;SLIMY_AD_1 'SLIMY_AD_1' true true false 1 Text 0 0 ,First,#,streams_hhei_trial,SLIMY_AD_1,-1,-1;HMFEI_SC_1 'HMFEI_SC_1' true true false 2 Text 0 0 ,First,#,streams_hhei_trial,HMFEI_SC_1,-1,-1;HMFEI_SA_1 'HMFEI_SA_1' true true false 3 Text 0 0 ,First,#,streams_hhei_trial,HMFEI_SA_1,-1,-1;SESSILE__1 'SESSILE__1' true true false 1 Text 0 0 ,First,#,streams_hhei_trial,SESSILE__1,-1,-1;AQUATIC__1 'AQUATIC__1' true true false 1 Text 0 0 ,First,#,streams_hhei_trial,AQUATIC__1,-1,-1;SOW_BUGS_1 'SOW_BUGS_1' true true false 1 Text 0 0 ,First,#,streams_hhei_trial,SOW_BUGS_1,-1,-1;SCUDS_1 'SCUDS_1' true true false 1 Text 0 0 ,First,#,streams_hhei_trial,SCUDS_1,-1,-1;WATER_MI_1 'WATER_MI_1' true true false 1 Text 0 0 ,First,#,streams_hhei_trial,WATER_MI_1,-1,-1;DAMSELFL_1 'DAMSELFL_1' true true false 1 Text 0 0 ,First,#,streams_hhei_trial,DAMSELFL_1,-1,-1;ALDERFLY_1 'ALDERFLY_1' true true false 1 Text 0 0 ,First,#,streams_hhei_trial,ALDERFLY_1,-1,-1;OTHER_BE_1 'OTHER_BE_1' true true false 1 Text 0 0 ,First,#,streams_hhei_trial,OTHER_BE_1,-1,-1;CRAYFISH_1 'CRAYFISH_1' true true false 1 Text 0 0 ,First,#,streams_hhei_trial,CRAYFISH_1,-1,-1;DRAGONFL_1 'DRAGONFL_1' true true false 1 Text 0 0 ,First,#,streams_hhei_trial,DRAGONFL_1,-1,-1;RIFFLE_B_1 'RIFFLE_B_1' true true false 1 Text 0 0 ,First,#,streams_hhei_trial,RIFFLE_B_1,-1,-1;LARVAE_O_1 'LARVAE_O_1' true true false 1 Text 0 0 ,First,#,streams_hhei_trial,LARVAE_O_1,-1,-1;MIDGES_1 'MIDGES_1' true true false 1 Text 0 0 ,First,#,streams_hhei_trial,MIDGES_1,-1,-1;SNAILS_1 'SNAILS_1' true true false 1 Text 0 0 ,First,#,streams_hhei_trial,SNAILS_1,-1,-1;CLAMS_1 'CLAMS_1' true true false 1 Text 0 0 ,First,#,streams_hhei_trial,CLAMS_1,-1,-1;FISHFLY__1 'FISHFLY__1' true true false 1 Text 0 0 ,First,#,streams_hhei_trial,FISHFLY__1,-1,-1;WATER_PE_1 'WATER_PE_1' true true false 1 Text 0 0 ,First,#,streams_hhei_trial,WATER_PE_1,-1,-1;CRANEFLY_1 'CRANEFLY_1' true true false 1 Text 0 0 ,First,#,streams_hhei_trial,CRANEFLY_1,-1,-1;TOTAL_NU_1 'TOTAL_NU_1' true true false 2 Text 0 0 ,First,#,streams_hhei_trial,TOTAL_NU_1,-1,-1;NUMBER_M_1 'NUMBER_M_1' true true false 1 Text 0 0 ,First,#,streams_hhei_trial,NUMBER_M_1,-1,-1;AMELETID_1 'AMELETID_1' true true false 1 Text 0 0 ,First,#,streams_hhei_trial,AMELETID_1,-1,-1;ARTHROPL_1 'ARTHROPL_1' true true false 32 Text 0 0 ,First,#,streams_hhei_trial,ARTHROPL_1,-1,-1;BAETIDAE_1 'BAETIDAE_1' true true false 1 Text 0 0 ,First,#,streams_hhei_trial,BAETIDAE_1,-1,-1;BAETISCI_1 'BAETISCI_1' true true false 32 Text 0 0 ,First,#,streams_hhei_trial,BAETISCI_1,-1,-1;CAENIDAE_1 'CAENIDAE_1' true true false 1 Text 0 0 ,First,#,streams_hhei_trial,CAENIDAE_1,-1,-1;EPHEMERE_1 'EPHEMERE_1' true true false 32 Text 0 0 ,First,#,streams_hhei_trial,EPHEMERE_1,-1,-1;EPHEMERI_1 'EPHEMERI_1' true true false 1 Text 0 0 ,First,#,streams_hhei_trial,EPHEMERI_1,-1,-1;HEPTAGEN_1 'HEPTAGEN_1' true true false 1 Text 0 0 ,First,#,streams_hhei_trial,HEPTAGEN_1,-1,-1;ISONYCHI_1 'ISONYCHI_1' true true false 32 Text 0 0 ,First,#,streams_hhei_trial,ISONYCHI_1,-1,-1;LEPTOHYP_1 'LEPTOHYP_1' true true false 1 Text 0 0 ,First,#,streams_hhei_trial,LEPTOHYP_1,-1,-1;LEPTOPHL_1 'LEPTOPHL_1' true true false 1 Text 0 0 ,First,#,streams_hhei_trial,LEPTOPHL_1,-1,-1;POLYMITA_1 'POLYMITA_1' true true false 32 Text 0 0 ,First,#,streams_hhei_trial,POLYMITA_1,-1,-1;POTAMANT_1 'POTAMANT_1' true true false 32 Text 0 0 ,First,#,streams_hhei_trial,POTAMANT_1,-1,-1;PSEUDIRO_1 'PSEUDIRO_1' true true false 32 Text 0 0 ,First,#,streams_hhei_trial,PSEUDIRO_1,-1,-1;SIPHLONU_1 'SIPHLONU_1' true true false 32 Text 0 0 ,First,#,streams_hhei_trial,SIPHLONU_1,-1,-1;NUMBER_S_1 'NUMBER_S_1' true true false 1 Text 0 0 ,First,#,streams_hhei_trial,NUMBER_S_1,-1,-1;CAPNIIDA_1 'CAPNIIDA_1' true true false 32 Text 0 0 ,First,#,streams_hhei_trial,CAPNIIDA_1,-1,-1;CHLOROPE_1 'CHLOROPE_1' true true false 1 Text 0 0 ,First,#,streams_hhei_trial,CHLOROPE_1,-1,-1;LEUCTRID_1 'LEUCTRID_1' true true false 1 Text 0 0 ,First,#,streams_hhei_trial,LEUCTRID_1,-1,-1;NEMOURID_1 'NEMOURID_1' true true false 1 Text 0 0 ,First,#,streams_hhei_trial,NEMOURID_1,-1,-1;PELTOPER_1 'PELTOPER_1' true true false 32 Text 0 0 ,First,#,streams_hhei_trial,PELTOPER_1,-1,-1;PERLIDAE_1 'PERLIDAE_1' true true false 1 Text 0 0 ,First,#,streams_hhei_trial,PERLIDAE_1,-1,-1;PERLODID_1 'PERLODID_1' true true false 1 Text 0 0 ,First,#,streams_hhei_trial,PERLODID_1,-1,-1;PTERONAR_1 'PTERONAR_1' true true false 32 Text 0 0 ,First,#,streams_hhei_trial,PTERONAR_1,-1,-1;TAENIOPT_1 'TAENIOPT_1' true true false 32 Text 0 0 ,First,#,streams_hhei_trial,TAENIOPT_1,-1,-1;NUMBER_C_1 'NUMBER_C_1' true true false 1 Text 0 0 ,First,#,streams_hhei_trial,NUMBER_C_1,-1,-1;BRACHYCE_1 'BRACHYCE_1' true true false 32 Text 0 0 ,First,#,streams_hhei_trial,BRACHYCE_1,-1,-1;DIPSEUOD_1 'DIPSEUOD_1' true true false 32 Text 0 0 ,First,#,streams_hhei_trial,DIPSEUOD_1,-1,-1;GLOSSOSO_1 'GLOSSOSO_1' true true false 1 Text 0 0 ,First,#,streams_hhei_trial,GLOSSOSO_1,-1,-1;GOERIDAE_1 'GOERIDAE_1' true true false 32 Text 0 0 ,First,#,streams_hhei_trial,GOERIDAE_1,-1,-1;HELICOPS_1 'HELICOPS_1' true true false 32 Text 0 0 ,First,#,streams_hhei_trial,HELICOPS_1,-1,-1;HYDROPSY_1 'HYDROPSY_1' true true false 1 Text 0 0 ,First,#,streams_hhei_trial,HYDROPSY_1,-1,-1;HYDROPTI_1 'HYDROPTI_1' true true false 1 Text 0 0 ,First,#,streams_hhei_trial,HYDROPTI_1,-1,-1;LEPIDOST_1 'LEPIDOST_1' true true false 1 Text 0 0 ,First,#,streams_hhei_trial,LEPIDOST_1,-1,-1;LEPTOCER_1 'LEPTOCER_1' true true false 1 Text 0 0 ,First,#,streams_hhei_trial,LEPTOCER_1,-1,-1;LIMNEPHI_1 'LIMNEPHI_1' true true false 1 Text 0 0 ,First,#,streams_hhei_trial,LIMNEPHI_1,-1,-1;MOLANNID_1 'MOLANNID_1' true true false 1 Text 0 0 ,First,#,streams_hhei_trial,MOLANNID_1,-1,-1;ODONTOCE_1 'ODONTOCE_1' true true false 1 Text 0 0 ,First,#,streams_hhei_trial,ODONTOCE_1,-1,-1;PHILOPOT_1 'PHILOPOT_1' true true false 1 Text 0 0 ,First,#,streams_hhei_trial,PHILOPOT_1,-1,-1;PHRYGANE_1 'PHRYGANE_1' true true false 1 Text 0 0 ,First,#,streams_hhei_trial,PHRYGANE_1,-1,-1;POLYCENT_1 'POLYCENT_1' true true false 1 Text 0 0 ,First,#,streams_hhei_trial,POLYCENT_1,-1,-1;PSYCHOMI_1 'PSYCHOMI_1' true true false 32 Text 0 0 ,First,#,streams_hhei_trial,PSYCHOMI_1,-1,-1;RHYACOPH_1 'RHYACOPH_1' true true false 1 Text 0 0 ,First,#,streams_hhei_trial,RHYACOPH_1,-1,-1;UENOIDAE_1 'UENOIDAE_1' true true false 1 Text 0 0 ,First,#,streams_hhei_trial,UENOIDAE_1,-1,-1;STRESS_C_1 'STRESS_C_1' true true false 1 Text 0 0 ,First,#,streams_hhei_trial,STRESS_C_1,-1,-1;LIST_VER_1 'LIST_VER_1' true true false 2 Text 0 0 ,First,#,streams_hhei_trial,LIST_VER_1,-1,-1;DIST_1 'DIST_1' true true false 19 Double 10 18 ,First,#,streams_hhei_trial,DIST_1,-1,-1;concern_1 'concern_1' true true false 9 Long 0 9 ,First,#,streams_hhei_trial,concern_1,-1,-1;HHEI_Cla_1 'HHEI_Cla_1' true true false 4 Short 0 4 ,First,#,streams_hhei_trial,HHEI_Cla_1,-1,-1;HMFEICla_1 'HMFEICla_1' true true false 4 Short 0 4 ,First,#,streams_hhei_trial,HMFEICla_1,-1,-1;HMFEI_nu_1 'HMFEI_nu_1' true true false 9 Long 0 9 ,First,#,streams_hhei_trial,HMFEI_nu_1,-1,-1;HHEI_num_1 'HHEI_num_1' true true false 9 Long 0 9 ,First,#,streams_hhei_trial,HHEI_num_1,-1,-1;Distance_1 'Distance_1' true true false 19 Double 8 18 ,First,#,streams_hhei_trial,Distance_1,-1,-1"</Process><Process Name="CalculateField_1" ToolSource="C:\Program Files\ArcGIS\ArcToolbox\Toolboxes\Data Management Tools.tbx\CalculateField" Date="20110505" Time="112809">CalculateField V:\j_stein\ditchin\cm_streams.shp SINUOSITY dblS VB # V:\j_stein\ditchin\cm_streams.shp</Process><Process Name="CalculateField_3" ToolSource="C:\Program Files\ArcGIS\ArcToolbox\Toolboxes\Data Management Tools.tbx\CalculateField" Date="20110505" Time="115148">CalculateField V:\j_stein\ditchin\cm_streams.shp SINUOSITY dblS VB \n V:\j_stein\ditchin\cm_streams.shp</Process></lineage></DataProperties><SyncDate>20110505</SyncDate><SyncTime>11105700</SyncTime><ModDate>20110505</ModDate><ModTime>11105700</ModTime><MetaID>{5D854B37-CD5F-41B0-8A3C-BD2D8371FFBB}</MetaID></Esri><idinfo><citation><citeinfo><onlink Sync="TRUE"></onlink><origin>REQUIRED: The name of an organization or individual that developed the data set.</origin><pubdate>REQUIRED: The date when the data set is published or otherwise made available for release.</pubdate><title Sync="TRUE">cm_streams</title><ftname Sync="TRUE">cm_streams</ftname><geoform Sync="TRUE">vector digital data</geoform></citeinfo></citation><native Sync="TRUE">Microsoft Windows XP Version 5.1 (Build 2600) Service Pack 3; ESRI ArcCatalog 9.2.6.1500</native><descript><langdata Sync="TRUE">en</langdata><abstract>REQUIRED: A brief narrative summary of the data set.</abstract><purpose>REQUIRED: A summary of the intentions with which the data set was developed.</purpose></descript><timeperd><current>REQUIRED: The basis on which the time period of content information is determined.</current><timeinfo><sngdate><caldate>REQUIRED: The year (and optionally month, or month and day) for which the data set corresponds to the ground.</caldate></sngdate></timeinfo></timeperd><status><progress>REQUIRED: The state of the data set.</progress><update>REQUIRED: The frequency with which changes and additions are made to the data set after the initial data set is completed.</update></status><spdom><bounding><westbc Sync="TRUE">-81.976877</westbc><eastbc Sync="TRUE">-81.360434</eastbc><northbc Sync="TRUE">41.640983</northbc><southbc Sync="TRUE">41.174104</southbc></bounding><lboundng><leftbc Sync="TRUE">2112499.999931</leftbc><rightbc Sync="TRUE">2280000.000232</rightbc><bottombc Sync="TRUE">551216.249974</bottombc><topbc Sync="TRUE">719742.800059</topbc></lboundng><minalti Sync="TRUE">-0.000024</minalti><maxalti Sync="TRUE">1282.599976</maxalti></spdom><keywords><theme><themekt>REQUIRED: Reference to a formally registered thesaurus or a similar authoritative source of theme keywords.</themekt><themekey>REQUIRED: Common-use word or phrase used to describe the subject of the data set.</themekey></theme></keywords><accconst>REQUIRED: Restrictions and legal prerequisites for accessing the data set.</accconst><useconst>REQUIRED: Restrictions and legal prerequisites for using the data set after access is granted.</useconst><natvform Sync="TRUE">Shapefile</natvform></idinfo><distInfo><distributor><distorTran><onLineSrc><linkage Sync="TRUE">file://</linkage><protocol Sync="TRUE">Local Area Network</protocol><orDesc Sync="TRUE">002</orDesc></onLineSrc><transSize Sync="TRUE">32.200</transSize></distorTran><distorFormat><formatName Sync="TRUE">Shapefile</formatName></distorFormat></distributor></distInfo><dataqual><lineage><procstep><procdesc Sync="TRUE">Dataset copied.</procdesc><srcused Sync="TRUE"></srcused><date Sync="TRUE">20081014</date><time Sync="TRUE">14150200</time></procstep><procstep><procdesc Sync="TRUE">Dataset moved.</procdesc><srcused Sync="TRUE">C:\temp\Hydrology\temp\cuy_hydro_merge</srcused><date Sync="TRUE">20081020</date><time Sync="TRUE">11250500</time></procstep><procstep><procdesc Sync="TRUE">Dataset copied.</procdesc><srcused Sync="TRUE">C:\temp\Hydrology\cuy_hydro_merge</srcused><date Sync="TRUE">20081027</date><time Sync="TRUE">11242600</time></procstep><procstep><procdesc Sync="TRUE">Dataset copied.</procdesc><srcused Sync="TRUE">C:\temp\Hydrology\cuy_hydro_no_polygons</srcused><date Sync="TRUE">20081028</date><time Sync="TRUE">10052400</time></procstep><procstep><procdesc Sync="TRUE">Dataset copied.</procdesc><srcused Sync="TRUE">C:\temp\Hydrology\cuy_hydro_no_polygonsCopy2</srcused><date Sync="TRUE">20081029</date><time Sync="TRUE">10361300</time></procstep><procstep><procdesc Sync="TRUE">Dataset moved.</procdesc><srcused Sync="TRUE">C:\temp\cuy_hydro_no_polygonsCopy3</srcused><date Sync="TRUE">20081029</date><time Sync="TRUE">10364200</time></procstep><procstep><procdesc Sync="TRUE">Dataset copied.</procdesc><srcused Sync="TRUE">C:\temp\Hydrology\cuy_hydro_no_polygonsCopy3</srcused><date Sync="TRUE">20081031</date><time Sync="TRUE">15162400</time></procstep><procstep><procdesc Sync="TRUE">Dataset copied.</procdesc><srcused Sync="TRUE">G:\PDNR\Staff\SMather\hydro_temp\cuy_hydro_no_polygonsCopy3</srcused><date Sync="TRUE">20090618</date><time Sync="TRUE">14174700</time></procstep><procstep><procdesc Sync="TRUE">Dataset copied.</procdesc><srcused Sync="TRUE"></srcused><date Sync="TRUE">20090717</date><time Sync="TRUE">12470100</time></procstep><procstep><procdesc Sync="TRUE">Dataset copied.</procdesc><srcused Sync="TRUE">\\cmac-srv-gis\scratch\j_stein\streams\cuyahoga_hydro.mdb</srcused><procdate Sync="TRUE">20110404</procdate><proctime Sync="TRUE">09272500</proctime></procstep><procstep><procdesc Sync="TRUE">Dataset copied.</procdesc><srcused Sync="TRUE">V:\j_stein\streams\cmp_streams</srcused><date Sync="TRUE">20110426</date><time Sync="TRUE">12495200</time></procstep><procstep><procdesc Sync="TRUE">Dataset copied.</procdesc><srcused Sync="TRUE">F:\0 New - Modified 02-01-08\Cleveland Metroparks GIS\CMP-wide\shapefiles\cm_streams</srcused><date Sync="TRUE">20110505</date><time Sync="TRUE">10471900</time></procstep><procstep><procdesc Sync="TRUE">Dataset copied.</procdesc><srcused Sync="TRUE"></srcused><procdate Sync="TRUE">20111102</procdate><proctime Sync="TRUE">16381300</proctime></procstep><procstep><procdesc Sync="TRUE">Dataset copied.</procdesc><srcused Sync="TRUE"></srcused><procdate Sync="TRUE">20120922</procdate><proctime Sync="TRUE">08315700</proctime></procstep></lineage></dataqual><dataIdInfo><envirDesc Sync="TRUE">Microsoft Windows XP Version 5.1 (Build 2600) Service Pack 3; ESRI ArcCatalog 9.2.6.1500</envirDesc><dataLang><languageCode Sync="TRUE" value="en"></languageCode></dataLang><idCitation><resTitle Sync="TRUE">cm_streams</resTitle><presForm><PresFormCd Sync="TRUE" value="005"></PresFormCd></presForm></idCitation><spatRpType><SpatRepTypCd Sync="TRUE" value="001"></SpatRepTypCd></spatRpType><dataExt><geoEle><GeoBndBox esriExtentType="native"><westBL Sync="TRUE">2112499.999931</westBL><eastBL Sync="TRUE">2280000.000232</eastBL><northBL Sync="TRUE">719742.800059</northBL><southBL Sync="TRUE">551216.249974</southBL><exTypeCode Sync="TRUE">1</exTypeCode></GeoBndBox></geoEle><vertEle><vertMinVal Sync="TRUE">-0.000024</vertMinVal><vertMaxVal Sync="TRUE">1282.599976</vertMaxVal></vertEle></dataExt><geoBox esriExtentType="decdegrees"><westBL Sync="TRUE">-81.976877</westBL><eastBL Sync="TRUE">-81.360434</eastBL><northBL Sync="TRUE">41.640983</northBL><southBL Sync="TRUE">41.174104</southBL><exTypeCode Sync="TRUE">1</exTypeCode></geoBox></dataIdInfo><metainfo><langmeta Sync="TRUE">en</langmeta><metstdn Sync="TRUE">FGDC Content Standards for Digital Geospatial Metadata</metstdn><metstdv Sync="TRUE">FGDC-STD-001-1998</metstdv><mettc Sync="TRUE">local time</mettc><metc><cntinfo><cntorgp><cntper>REQUIRED: The person responsible for the metadata information.</cntper><cntorg>REQUIRED: The organization responsible for the metadata information.</cntorg></cntorgp><cntaddr><addrtype>REQUIRED: The mailing and/or physical address for the organization or individual.</addrtype><city>REQUIRED: The city of the address.</city><state>REQUIRED: The state or province of the address.</state><postal>REQUIRED: The ZIP or other postal code of the address.</postal></cntaddr><cntvoice>REQUIRED: The telephone number by which individuals can speak to the organization or individual.</cntvoice></cntinfo></metc><metd Sync="TRUE">20110505</metd><metextns><onlink Sync="TRUE">http://www.esri.com/metadata/esriprof80.html</onlink><metprof Sync="TRUE">ESRI Metadata Profile</metprof></metextns></metainfo><mdLang><languageCode Sync="TRUE" value="en"></languageCode></mdLang><mdStanName Sync="TRUE">ISO 19115 Geographic Information - Metadata</mdStanName><mdStanVer Sync="TRUE">DIS_ESRI1.0</mdStanVer><mdChar><CharSetCd Sync="TRUE" value="004"></CharSetCd></mdChar><mdHrLv><ScopeCd Sync="TRUE" value="005"></ScopeCd></mdHrLv><mdHrLvName Sync="TRUE">dataset</mdHrLvName><distinfo><resdesc Sync="TRUE">Downloadable Data</resdesc><stdorder><digform><digtinfo><transize Sync="TRUE">32.200</transize><dssize Sync="TRUE">32.200</dssize></digtinfo></digform></stdorder></distinfo><spdoinfo><direct Sync="TRUE">Vector</direct><ptvctinf><esriterm Name="cm_streams"><efeatyp Sync="TRUE">Simple</efeatyp><efeageom Sync="TRUE">Polyline</efeageom><esritopo Sync="TRUE">FALSE</esritopo><efeacnt Sync="TRUE">60099</efeacnt><spindex Sync="TRUE">TRUE</spindex><linrefer Sync="TRUE">TRUE</linrefer></esriterm><sdtsterm Name="cm_streams"><sdtstype Sync="TRUE">String</sdtstype><ptvctcnt Sync="TRUE">60099</ptvctcnt></sdtsterm></ptvctinf></spdoinfo><spref><horizsys><cordsysn><geogcsn Sync="TRUE">GCS_North_American_1983</geogcsn><projcsn Sync="TRUE">NAD_1983_StatePlane_Ohio_North_FIPS_3401_Feet</projcsn></cordsysn><planar><planci><plance Sync="TRUE">coordinate pair</plance><plandu Sync="TRUE">survey feet</plandu><coordrep><absres Sync="TRUE">0.000000</absres><ordres Sync="TRUE">0.000000</ordres></coordrep></planci><gridsys><gridsysn Sync="TRUE">State Plane Coordinate System 1983</gridsysn><spcs><spcszone Sync="TRUE">3401</spcszone><lambertc><stdparll Sync="TRUE">40.433333</stdparll><stdparll Sync="TRUE">41.700000</stdparll><longcm Sync="TRUE">-82.500000</longcm><latprjo Sync="TRUE">39.666667</latprjo><feast Sync="TRUE">1968500.000000</feast><fnorth Sync="TRUE">0.000000</fnorth></lambertc></spcs></gridsys></planar><geodetic><horizdn Sync="TRUE">North American Datum of 1983</horizdn><ellips Sync="TRUE">Geodetic Reference System 80</ellips><semiaxis Sync="TRUE">6378137.000000</semiaxis><denflat Sync="TRUE">298.257222</denflat></geodetic></horizsys><vertdef><altsys><altenc Sync="TRUE">Explicit elevation coordinate included with horizontal coordinates</altenc><altres Sync="TRUE">0.000000</altres></altsys></vertdef></spref><refSysInfo><RefSystem><refSysID><identCode Sync="TRUE">NAD_1983_StatePlane_Ohio_North_FIPS_3401_Feet</identCode></refSysID></RefSystem></refSysInfo><spatRepInfo><VectSpatRep><topLvl><TopoLevCd Sync="TRUE" value="001"></TopoLevCd></topLvl><geometObjs Name="cm_streams"><geoObjTyp><GeoObjTypCd Sync="TRUE" value="001"></GeoObjTypCd></geoObjTyp><geoObjCnt Sync="TRUE">60099</geoObjCnt></geometObjs></VectSpatRep></spatRepInfo><eainfo><detailed Name="cm_streams"><attr><attrlabl Sync="TRUE">FID</attrlabl><attalias Sync="TRUE">FID</attalias><attrtype Sync="TRUE">OID</attrtype><attwidth Sync="TRUE">4</attwidth><atprecis Sync="TRUE">0</atprecis><attscale Sync="TRUE">0</attscale><attrdef Sync="TRUE">Internal feature number.</attrdef><attrdefs Sync="TRUE">ESRI</attrdefs><attrdomv><udom Sync="TRUE">Sequential unique whole numbers that are automatically generated.</udom></attrdomv></attr><enttyp><enttypl Sync="TRUE">cm_streams</enttypl><enttypt Sync="TRUE">Feature Class</enttypt><enttypc Sync="TRUE">60099</enttypc></enttyp><attr><attrlabl Sync="TRUE">Shape</attrlabl><attalias Sync="TRUE">Shape</attalias><attrtype Sync="TRUE">Geometry</attrtype><attwidth Sync="TRUE">0</attwidth><atprecis Sync="TRUE">0</atprecis><attscale Sync="TRUE">0</attscale><attrdef Sync="TRUE">Feature geometry.</attrdef><attrdefs Sync="TRUE">ESRI</attrdefs><attrdomv><udom Sync="TRUE">Coordinates defining the features.</udom></attrdomv></attr><attr><attrlabl Sync="TRUE">F_TYPE</attrlabl><attalias Sync="TRUE">F_TYPE</attalias><attrtype Sync="TRUE">Number</attrtype><attwidth Sync="TRUE">9</attwidth></attr><attr><attrlabl Sync="TRUE">HYD</attrlabl><attalias Sync="TRUE">HYD</attalias><attrtype Sync="TRUE">Number</attrtype><attwidth Sync="TRUE">9</attwidth></attr><attr><attrlabl Sync="TRUE">Within_CMP</attrlabl><attalias Sync="TRUE">Within_CMP</attalias><attrtype Sync="TRUE">Number</attrtype><attwidth Sync="TRUE">9</attwidth></attr><attr><attrlabl Sync="TRUE">STREAM_NAM</attrlabl><attalias Sync="TRUE">STREAM_NAM</attalias><attrtype Sync="TRUE">String</attrtype><attwidth Sync="TRUE">19</attwidth></attr><attr><attrlabl Sync="TRUE">CRANEFLY_L</attrlabl><attalias Sync="TRUE">CRANEFLY_L</attalias><attrtype Sync="TRUE">String</attrtype><attwidth Sync="TRUE">1</attwidth></attr><attr><attrlabl Sync="TRUE">SINUOSITY</attrlabl><attalias Sync="TRUE">SINUOSITY</attalias><attrtype Sync="TRUE">Number</attrtype><attwidth Sync="TRUE">4</attwidth></attr><attr><attrlabl Sync="TRUE">HHEI_Cla_1</attrlabl><attalias Sync="TRUE">HHEI_Cla_1</attalias><attrtype Sync="TRUE">Number</attrtype><attwidth Sync="TRUE">4</attwidth></attr><attr><attrlabl Sync="TRUE">HMFEICla_1</attrlabl><attalias Sync="TRUE">HMFEICla_1</attalias><attrtype Sync="TRUE">Number</attrtype><attwidth Sync="TRUE">9</attwidth></attr><attr><attrlabl Sync="TRUE">HMFEI_nu_1</attrlabl><attalias Sync="TRUE">HMFEI_nu_1</attalias><attrtype Sync="TRUE">Number</attrtype><attwidth Sync="TRUE">9</attwidth></attr><attr><attrlabl Sync="TRUE">HHEI_num_1</attrlabl><attalias Sync="TRUE">HHEI_num_1</attalias><attrtype Sync="TRUE">Float</attrtype><attwidth Sync="TRUE">19</attwidth><atnumdec Sync="TRUE">11</atnumdec></attr><attr><attrlabl Sync="TRUE">LENGTH</attrlabl><attalias Sync="TRUE">LENGTH</attalias><attrtype Sync="TRUE">String</attrtype><attwidth Sync="TRUE">50</attwidth></attr><attr><attrlabl Sync="TRUE">HYD_type</attrlabl><attalias Sync="TRUE">HYD_type</attalias><attrtype Sync="TRUE">Number</attrtype><attwidth Sync="TRUE">9</attwidth></attr></detailed></eainfo><mdDateSt Sync="TRUE">20110505</mdDateSt></metadata>
