<?xml version="1.0"?>
<!--<!DOCTYPE metadata SYSTEM "http://www.esri.com/metadata/esriprof80.dtd">-->
<metadata xml:lang="en"><Esri><CreaDate>20120922</CreaDate><CreaTime>08322600</CreaTime><SyncOnce>FALSE</SyncOnce><SyncDate>20120906</SyncDate><SyncTime>15444600</SyncTime><ModDate>20120906</ModDate><ModTime>15444600</ModTime><DataProperties><lineage><Process ToolSource="C:\Program Files\ArcGIS\ArcToolbox\Toolboxes\Data Management Tools.tbx\Dissolve" Date="20120808" Time="111434">Dissolve cuyahoga_hydro_polygon V:\tjk\Stream_centerline\cuy_hydro_polygon_dissolve.shp # # MULTI_PART DISSOLVE_LINES</Process><Process Name="Intersect_7" ToolSource="C:\Program Files\ArcGIS\ArcToolbox\Toolboxes\Analysis Tools.tbx\Intersect" Date="20120808" Time="123413">Intersect "cuy_hydro_polygon_dissolve #;Cuy_North_Thies_Poly #" V:\bdg\stream_centerlines\prep_data\Rocky_River\Cuy_North_Inters.shp ALL # INPUT</Process><Process Name="FeatureToLine_12" ToolSource="C:\Program Files\ArcGIS\ArcToolbox\Toolboxes\Data Management Tools.tbx\FeatureToLine" Date="20120808" Time="144432">FeatureToLine Cuy_North_Inters V:\bdg\stream_centerlines\prep_data\Rocky_River\Cuy_North_Inters_FeatureToLi2.shp # NO_ATTRIBUTES</Process><Process Name="FeatureClassToFeatureClass_1" ToolSource="C:\Program Files\ArcGIS\ArcToolbox\Toolboxes\Conversion Tools.tbx\FeatureClassToFeatureClass" Date="20120810" Time="085655">FeatureClassToFeatureClass V:\bdg\stream_centerlines\prep_data\Rocky_River\Cuy_North_Inters_FeatureToLi2.shp V:\bdg\Stream_Centerlines.mdb\cuy_north_centerline Cuy_North_Centerline # "Id Id true false false 6 Long 0 6 ,First,#,V:\bdg\stream_centerlines\prep_data\Rocky_River\Cuy_North_Inters_FeatureToLi2.shp,Id,-1,-1" # V:\bdg\Stream_Centerlines.mdb\cuy_north_centerline\Cuy_North_Centerline</Process><Process Name="Merge_1" ToolSource="C:\Program Files\ArcGIS\ArcToolbox\Toolboxes\Data Management Tools.tbx\Merge" Date="20120817" Time="124110">Merge North_Centerline;CUY_South_Centerline;Chagrin_Centerlline;RR_Centerline V:\bdg\stream_centerlines\River_Centerline_Final.shp "OBJECTID OBJECTID true false false 9 Long 0 9 ,First,#,North_Centerline,OBJECTID,-1,-1,CUY_South_Centerline,OBJECTID,-1,-1,Chagrin_Centerlline,OBJECTID,-1,-1,RR_Centerline,OBJECTID,-1,-1;Id Id true false false 9 Long 0 9 ,First,#,North_Centerline,Id,-1,-1,CUY_South_Centerline,Id,-1,-1,Chagrin_Centerlline,Id,-1,-1,RR_Centerline,Id,-1,-1;Shape_Leng Shape_Leng true false false 19 Double 0 0 ,First,#,North_Centerline,Shape_Leng,-1,-1,CUY_South_Centerline,Shape_Leng,-1,-1,Chagrin_Centerlline,Shape_Leng,-1,-1,RR_Centerline,Shape_Leng,-1,-1;Enabled Enabled true false false 4 Short 0 4 ,First,#,North_Centerline,Enabled,-1,-1,CUY_South_Centerline,Enabled,-1,-1,Chagrin_Centerlline,Enabled,-1,-1,RR_Centerline,Enabled,-1,-1;FID_main_h FID_main_h true false false 9 Long 0 9 ,First,#,RR_Centerline,FID_main_h,-1,-1;FID_main_1 FID_main_1 true false false 9 Long 0 9 ,First,#,RR_Centerline,FID_main_1,-1,-1;NodeIndex NodeIndex true false false 9 Long 0 9 ,First,#,RR_Centerline,NodeIndex,-1,-1;Input_FID Input_FID true false false 9 Long 0 9 ,First,#,RR_Centerline,Input_FID,-1,-1;FID_main_2 FID_main_2 true false false 9 Long 0 9 ,First,#,RR_Centerline,FID_main_2,-1,-1;TYPE TYPE true false false 50 Text 0 0 ,First,#,RR_Centerline,TYPE,-1,-1;PA_RATIO PA_RATIO true false false 19 Double 0 0 ,First,#,RR_Centerline,PA_RATIO,-1,-1;WIDTH_CLAS WIDTH_CLAS true false false 9 Long 0 9 ,First,#,RR_Centerline,WIDTH_CLAS,-1,-1"</Process><Process Name="Merge_1" ToolSource="C:\Program Files\ArcGIS\ArcToolbox\Toolboxes\Data Management Tools.tbx\Merge" Date="20120906" Time="154447">Merge River_Centerline_Final;east_centerline;south_centerline V:\bdg\stream_centerlines\River_Centerline_Final_merge.shp "OBJECTID OBJECTID true false false 9 Long 0 9 ,First,#,River_Centerline_Final,OBJECTID,-1,-1,east_centerline,OBJECTID,-1,-1,south_centerline,OBJECTID,-1,-1;TYPE TYPE true false false 50 Text 0 0 ,First,#,River_Centerline_Final,TYPE,-1,-1;NAME NAME true false false 50 Text 0 0 ,First,#,River_Centerline_Final,NAME,-1,-1;LEFT_FID LEFT_FID true false false 9 Long 0 9 ,First,#,east_centerline,LEFT_FID,-1,-1,south_centerline,LEFT_FID,-1,-1;RIGHT_FID RIGHT_FID true false false 9 Long 0 9 ,First,#,east_centerline,RIGHT_FID,-1,-1,south_centerline,RIGHT_FID,-1,-1;Shape_Leng Shape_Leng true false false 19 Double 0 0 ,First,#,east_centerline,Shape_Leng,-1,-1,south_centerline,Shape_Leng,-1,-1;Enabled Enabled true false false 4 Short 0 4 ,First,#,east_centerline,Enabled,-1,-1,south_centerline,Enabled,-1,-1"</Process></lineage></DataProperties><MetaID>{BFC89CA8-F0BF-438E-BCFE-5580BEBB9DB6}</MetaID></Esri><idinfo><citation><citeinfo><onlink Sync="TRUE"></onlink><origin>REQUIRED: The name of an organization or individual that developed the data set.</origin><pubdate>REQUIRED: The date when the data set is published or otherwise made available for release.</pubdate><title Sync="TRUE">River_Centerline_Final_merge</title><ftname Sync="TRUE">River_Centerline_Final_merge</ftname><geoform Sync="TRUE">vector digital data</geoform></citeinfo></citation><native Sync="TRUE"> Version 6.1 (Build 7601) Service Pack 1; ESRI ArcCatalog 9.2.0.1324</native><descript><langdata Sync="TRUE">en</langdata><abstract>REQUIRED: A brief narrative summary of the data set.</abstract><purpose>REQUIRED: A summary of the intentions with which the data set was developed.</purpose></descript><timeperd><current>REQUIRED: The basis on which the time period of content information is determined.</current><timeinfo><sngdate><caldate>REQUIRED: The year (and optionally month, or month and day) for which the data set corresponds to the ground.</caldate></sngdate></timeinfo></timeperd><status><progress>REQUIRED: The state of the data set.</progress><update>REQUIRED: The frequency with which changes and additions are made to the data set after the initial data set is completed.</update></status><spdom><bounding><westbc Sync="TRUE">REQUIRED: Western-most coordinate of the limit of coverage expressed in longitude.</westbc><eastbc Sync="TRUE">REQUIRED: Eastern-most coordinate of the limit of coverage expressed in longitude.</eastbc><northbc Sync="TRUE">REQUIRED: Northern-most coordinate of the limit of coverage expressed in latitude.</northbc><southbc Sync="TRUE">REQUIRED: Southern-most coordinate of the limit of coverage expressed in latitude.</southbc></bounding></spdom><keywords><theme><themekt>REQUIRED: Reference to a formally registered thesaurus or a similar authoritative source of theme keywords.</themekt><themekey>REQUIRED: Common-use word or phrase used to describe the subject of the data set.</themekey></theme></keywords><accconst>REQUIRED: Restrictions and legal prerequisites for accessing the data set.</accconst><useconst>REQUIRED: Restrictions and legal prerequisites for using the data set after access is granted.</useconst><natvform Sync="TRUE">Shapefile</natvform></idinfo><distInfo><distributor><distorTran><onLineSrc><linkage Sync="TRUE">file://</linkage><protocol Sync="TRUE">Local Area Network</protocol><orDesc Sync="TRUE">002</orDesc></onLineSrc><transSize Sync="TRUE">0.000</transSize></distorTran><distorFormat><formatName Sync="TRUE">Shapefile</formatName></distorFormat></distributor></distInfo><dataqual><lineage><procstep><procdesc Sync="TRUE">Dataset copied.</procdesc><srcused Sync="TRUE">V:\RAL\Final_outputs\Finished_products\Lake_and_Cuyahoga_Stream_Polygon</srcused><date Sync="TRUE">20100318</date><time Sync="TRUE">07122800</time></procstep><procstep><procdesc Sync="TRUE">Dataset copied.</procdesc><srcused Sync="TRUE">V:\RAL\RAL_finished_products\Lake_and_Cuyahoga_Stream_Polygon</srcused><date Sync="TRUE">20100330</date><time Sync="TRUE">11051100</time></procstep><procstep><procdesc Sync="TRUE">Dataset copied.</procdesc><srcused Sync="TRUE"></srcused><procdate Sync="TRUE">20110405</procdate><proctime Sync="TRUE">15195400</proctime></procstep><procstep><procdesc Sync="TRUE">Dataset copied.</procdesc><srcused Sync="TRUE"></srcused><date Sync="TRUE">20110426</date><time Sync="TRUE">15414800</time></procstep><procstep><procdesc Sync="TRUE">Dataset copied.</procdesc><srcused Sync="TRUE">\\cmac-srv-gis\scratch\bdg\Stream_Centerlines.mdb</srcused><date Sync="TRUE">20120810</date><time Sync="TRUE">09303800</time></procstep><procstep><procdesc Sync="TRUE">Dataset copied.</procdesc><srcused Sync="TRUE">V:\bdg\stream_centerlines\prep_data\Rocky_River\North_Centerline</srcused><date Sync="TRUE">20120817</date><time Sync="TRUE">12374700</time></procstep><procstep><procdesc Sync="TRUE">Dataset copied.</procdesc><srcused Sync="TRUE"></srcused><procdate Sync="TRUE">20120922</procdate><proctime Sync="TRUE">08322600</proctime></procstep></lineage></dataqual><dataIdInfo><envirDesc Sync="TRUE"> Version 6.1 (Build 7601) Service Pack 1; ESRI ArcCatalog 9.2.0.1324</envirDesc><dataLang><languageCode Sync="TRUE" value="en"></languageCode></dataLang><idCitation><resTitle Sync="TRUE">River_Centerline_Final_merge</resTitle><presForm><PresFormCd Sync="TRUE" value="005"></PresFormCd></presForm></idCitation><spatRpType><SpatRepTypCd Sync="TRUE" value="001"></SpatRepTypCd></spatRpType></dataIdInfo><metainfo><langmeta Sync="TRUE">en</langmeta><metstdn Sync="TRUE">FGDC Content Standards for Digital Geospatial Metadata</metstdn><metstdv Sync="TRUE">FGDC-STD-001-1998</metstdv><mettc Sync="TRUE">local time</mettc><metc><cntinfo><cntorgp><cntper>REQUIRED: The person responsible for the metadata information.</cntper><cntorg>REQUIRED: The organization responsible for the metadata information.</cntorg></cntorgp><cntaddr><addrtype>REQUIRED: The mailing and/or physical address for the organization or individual.</addrtype><city>REQUIRED: The city of the address.</city><state>REQUIRED: The state or province of the address.</state><postal>REQUIRED: The ZIP or other postal code of the address.</postal></cntaddr><cntvoice>REQUIRED: The telephone number by which individuals can speak to the organization or individual.</cntvoice></cntinfo></metc><metd Sync="TRUE">20120906</metd><metextns><onlink Sync="TRUE">http://www.esri.com/metadata/esriprof80.html</onlink><metprof Sync="TRUE">ESRI Metadata Profile</metprof></metextns></metainfo><mdLang><languageCode Sync="TRUE" value="en"></languageCode></mdLang><mdStanName Sync="TRUE">ISO 19115 Geographic Information - Metadata</mdStanName><mdStanVer Sync="TRUE">DIS_ESRI1.0</mdStanVer><mdChar><CharSetCd Sync="TRUE" value="004"></CharSetCd></mdChar><mdHrLv><ScopeCd Sync="TRUE" value="005"></ScopeCd></mdHrLv><mdHrLvName Sync="TRUE">dataset</mdHrLvName><distinfo><resdesc Sync="TRUE">Downloadable Data</resdesc><stdorder><digform><digtinfo><transize Sync="TRUE">0.000</transize><dssize Sync="TRUE">0.000</dssize></digtinfo></digform></stdorder></distinfo><spdoinfo><direct Sync="TRUE">Vector</direct><ptvctinf><esriterm Name="River_Centerline_Final_merge"><efeatyp Sync="TRUE">Simple</efeatyp><efeageom Sync="TRUE">Polyline</efeageom><esritopo Sync="TRUE">FALSE</esritopo><efeacnt Sync="TRUE">0</efeacnt><spindex Sync="TRUE">FALSE</spindex><linrefer Sync="TRUE">FALSE</linrefer></esriterm><sdtsterm Name="River_Centerline_Final_merge"><sdtstype Sync="TRUE">String</sdtstype><ptvctcnt Sync="TRUE">0</ptvctcnt></sdtsterm></ptvctinf></spdoinfo><spref><horizsys><cordsysn><geogcsn Sync="TRUE">GCS_North_American_1983</geogcsn><projcsn Sync="TRUE">NAD_1983_StatePlane_Ohio_North_FIPS_3401_Feet</projcsn></cordsysn><planar><planci><plance Sync="TRUE">coordinate pair</plance><plandu Sync="TRUE">survey feet</plandu><coordrep><absres Sync="TRUE">0.000000</absres><ordres Sync="TRUE">0.000000</ordres></coordrep></planci><gridsys><gridsysn Sync="TRUE">State Plane Coordinate System 1983</gridsysn><spcs><spcszone Sync="TRUE">3401</spcszone><lambertc><stdparll Sync="TRUE">40.433333</stdparll><stdparll Sync="TRUE">41.700000</stdparll><longcm Sync="TRUE">-82.500000</longcm><latprjo Sync="TRUE">39.666667</latprjo><feast Sync="TRUE">1968500.000000</feast><fnorth Sync="TRUE">0.000000</fnorth></lambertc></spcs></gridsys></planar><geodetic><horizdn Sync="TRUE">North American Datum of 1983</horizdn><ellips Sync="TRUE">Geodetic Reference System 80</ellips><semiaxis Sync="TRUE">6378137.000000</semiaxis><denflat Sync="TRUE">298.257222</denflat></geodetic></horizsys><vertdef><altsys><altenc Sync="TRUE">Explicit elevation coordinate included with horizontal coordinates</altenc><altres Sync="TRUE">0.000100</altres></altsys></vertdef></spref><refSysInfo><RefSystem><refSysID><identCode Sync="TRUE">NAD_1983_StatePlane_Ohio_North_FIPS_3401_Feet</identCode></refSysID></RefSystem></refSysInfo><spatRepInfo><VectSpatRep><topLvl><TopoLevCd Sync="TRUE" value="001"></TopoLevCd></topLvl><geometObjs Name="River_Centerline_Final_merge"><geoObjTyp><GeoObjTypCd Sync="TRUE" value="001"></GeoObjTypCd></geoObjTyp><geoObjCnt Sync="TRUE">0</geoObjCnt></geometObjs></VectSpatRep></spatRepInfo><eainfo><detailed Name="River_Centerline_Final_merge"><enttyp><enttypl Sync="TRUE">River_Centerline_Final_merge</enttypl><enttypt Sync="TRUE">Feature Class</enttypt><enttypc Sync="TRUE">0</enttypc></enttyp><attr><attrlabl Sync="TRUE">Shape</attrlabl><attalias Sync="TRUE">Shape</attalias><attrtype Sync="TRUE">Number</attrtype><attwidth Sync="TRUE">9</attwidth><attrdef Sync="TRUE">Feature geometry.</attrdef><attrdefs Sync="TRUE">ESRI</attrdefs><attrdomv><udom Sync="TRUE">Coordinates defining the features.</udom></attrdomv></attr><attr><attrlabl Sync="TRUE">FID</attrlabl><attalias Sync="TRUE">FID</attalias><attrtype Sync="TRUE">Number</attrtype><attwidth Sync="TRUE">9</attwidth><attrdef Sync="TRUE">Internal feature number.</attrdef><attrdefs Sync="TRUE">ESRI</attrdefs><attrdomv><udom Sync="TRUE">Sequential unique whole numbers that are automatically generated.</udom></attrdomv></attr><attr><attrlabl Sync="TRUE">Shape_Leng</attrlabl><attalias Sync="TRUE">Shape_Leng</attalias><attrtype Sync="TRUE">Number</attrtype><attwidth Sync="TRUE">9</attwidth></attr><attr><attrlabl Sync="TRUE">Enabled</attrlabl><attalias Sync="TRUE">Enabled</attalias><attrtype Sync="TRUE">String</attrtype><attwidth Sync="TRUE">50</attwidth></attr><attr><attrlabl Sync="TRUE">TYPE</attrlabl><attalias Sync="TRUE">TYPE</attalias><attrtype Sync="TRUE">String</attrtype><attwidth Sync="TRUE">50</attwidth></attr><attr><attrlabl Sync="TRUE">NAME</attrlabl><attalias Sync="TRUE">NAME</attalias><attrtype Sync="TRUE">Number</attrtype><attwidth Sync="TRUE">9</attwidth></attr><attr><attrlabl Sync="TRUE">LEFT_FID</attrlabl><attalias Sync="TRUE">LEFT_FID</attalias><attrtype Sync="TRUE">Number</attrtype><attwidth Sync="TRUE">9</attwidth></attr><attr><attrlabl Sync="TRUE">OBJECTID</attrlabl><attalias Sync="TRUE">OBJECTID</attalias><attrtype Sync="TRUE">Float</attrtype><attwidth Sync="TRUE">19</attwidth><attrdef Sync="TRUE">Internal feature number.</attrdef><attrdefs Sync="TRUE">ESRI</attrdefs><attrdomv><udom Sync="TRUE">Sequential unique whole numbers that are automatically generated.</udom></attrdomv><atnumdec Sync="TRUE">11</atnumdec></attr><attr><attrlabl Sync="TRUE">RIGHT_FID</attrlabl><attalias Sync="TRUE">RIGHT_FID</attalias><attrtype Sync="TRUE">Number</attrtype><attwidth Sync="TRUE">4</attwidth></attr></detailed></eainfo><mdDateSt Sync="TRUE">20120906</mdDateSt></metadata>
